FIELD,TP,TN,FP,FN,P,R,F1,A
product,231,0,77,128,0.75,0.6434540389972145,0.6926536731634183,0.5298165137614679
quantity,223,0,76,105,0.745819397993311,0.6798780487804879,0.7113237639553429,0.551980198019802
total_amount,46,0,5,48,0.9019607843137255,0.48936170212765956,0.6344827586206897,0.46464646464646464
price,207,0,73,149,0.7392857142857143,0.5814606741573034,0.6509433962264152,0.4825174825174825
supplier_name,30,0,11,59,0.7317073170731707,0.33707865168539325,0.4615384615384615,0.3
invoice_number,41,0,4,52,0.9111111111111111,0.44086021505376344,0.5942028985507247,0.422680412371134
email,41,0,4,12,0.9111111111111111,0.7735849056603774,0.8367346938775511,0.7192982456140351
invoice_date,47,0,7,38,0.8703703703703703,0.5529411764705883,0.6762589928057553,0.5108695652173914
