FIELD,TP,TN,FP,FN,P,R,F1,A
product,320,0,39,39,0.8913649025069638,0.8913649025069638,0.8913649025069638,0.8040201005025126
quantity,286,0,49,42,0.8537313432835821,0.8719512195121951,0.8627450980392156,0.7586206896551724
total_amount,76,0,15,18,0.8351648351648352,0.8085106382978723,0.8216216216216216,0.6972477064220184
price,326,0,29,30,0.9183098591549296,0.9157303370786517,0.9170182841068917,0.8467532467532467
supplier_name,67,0,12,22,0.8481012658227848,0.7528089887640449,0.7976190476190476,0.6633663366336634
invoice_number,79,0,9,14,0.8977272727272727,0.8494623655913979,0.8729281767955801,0.7745098039215687
email,44,0,14,9,0.7586206896551724,0.8301886792452831,0.7927927927927928,0.6567164179104478
invoice_date,72,0,13,13,0.8470588235294118,0.8470588235294118,0.8470588235294118,0.7346938775510204
